Epoch,Machine Training,Discriminator Loss,Generator Loss,FPR,Recall,Median Wasserstein,Mean Wasserstein
1,Discriminator,0.70934,0.88330,0.00000,0.00000,0.39161,0.41850
2,Discriminator,0.71166,0.88289,0.00000,0.00000,0.55271,0.53865
3,Discriminator,0.71391,0.88180,0.00000,0.00000,0.51240,0.52394
4,Discriminator,0.70919,0.88075,0.00000,0.00000,0.44063,0.45140
5,Discriminator,0.71066,0.87964,0.00000,0.00000,0.48487,0.48938
6,Generator,0.71066,0.88076,0.00000,0.00000,0.42006,0.42959
7,Generator,0.71066,0.87956,0.00000,0.00000,0.41836,0.42941
8,Discriminator,0.71079,0.87888,0.00000,0.00000,0.51901,0.51447
9,Discriminator,0.70824,0.87803,0.00000,0.00000,0.46452,0.48683
10,Discriminator,0.70825,0.87718,0.00000,0.00000,0.51470,0.49480
11,Discriminator,0.70701,0.87639,0.00000,0.00000,0.46576,0.48288
12,Discriminator,0.70761,0.87565,0.00000,0.00000,0.47363,0.46805
13,Generator,0.70761,0.87528,0.00000,0.00000,0.51705,0.51645
14,Generator,0.70761,0.87531,0.00000,0.00000,0.43945,0.42108
15,Discriminator,0.70948,0.87490,0.00000,0.00000,0.45599,0.44755
16,Discriminator,0.70767,0.87390,0.00000,0.00000,0.43804,0.44603
17,Discriminator,0.70719,0.87351,0.00000,0.00000,0.44557,0.45789
18,Discriminator,0.70750,0.87188,0.00000,0.00000,0.49862,0.48585
19,Discriminator,0.70603,0.87147,0.00000,0.00000,0.47630,0.46768
20,Generator,0.70603,0.87094,0.00000,0.00000,0.38793,0.41630
21,Generator,0.70603,0.87113,0.00000,0.00000,0.44074,0.45368
22,Discriminator,0.70654,0.87072,0.00000,0.00000,0.43763,0.45934
23,Discriminator,0.70602,0.86981,0.00000,0.00000,0.41936,0.43179
24,Discriminator,0.70653,0.86901,0.00000,0.00000,0.40409,0.41958
25,Discriminator,0.70638,0.86824,0.00000,0.00000,0.36690,0.40702
26,Discriminator,0.70581,0.86778,0.00000,0.00000,0.41520,0.43402
27,Generator,0.70581,0.86810,0.00000,0.00000,0.54960,0.54256
28,Generator,0.70581,0.86751,0.00000,0.00000,0.35188,0.39280
29,Discriminator,0.70574,0.86680,0.00000,0.00000,0.49577,0.47520
30,Discriminator,0.70367,0.86598,0.00000,0.00000,0.48546,0.51065
31,Discriminator,0.70527,0.86460,0.00000,0.00000,0.45054,0.44696
32,Discriminator,0.70348,0.86433,0.00000,0.00000,0.47469,0.47475
33,Discriminator,0.70435,0.86346,0.00000,0.00000,0.45031,0.47348
34,Discriminator,0.70309,0.86257,0.00000,0.00000,0.59202,0.58538
35,Discriminator,0.70377,0.86246,0.00000,0.00000,0.44118,0.44468
36,Discriminator,0.70188,0.86070,0.00000,0.03846,0.44975,0.45465
37,Discriminator,0.70159,0.86047,0.00000,0.00000,0.43028,0.44538
38,Discriminator,0.70066,0.85990,0.00000,0.00000,0.51178,0.49291
39,Discriminator,0.69932,0.85887,0.00000,0.00000,0.38285,0.40925
40,Discriminator,0.70046,0.85809,0.00000,0.00000,0.42991,0.43108
41,Discriminator,0.69589,0.85692,0.00000,0.03846,0.53520,0.55442
42,Discriminator,0.69561,0.85618,0.00000,0.00000,0.49342,0.52425
43,Discriminator,0.69861,0.85565,0.00000,0.03846,0.43246,0.43405
44,Discriminator,0.69628,0.85451,0.00000,0.03846,0.46103,0.46962
45,Discriminator,0.69485,0.85267,0.00000,0.03846,0.40500,0.42371
46,Discriminator,0.68928,0.85334,0.00000,0.07692,0.56485,0.53674
47,Discriminator,0.68483,0.85065,0.00000,0.15385,0.49947,0.52491
48,Discriminator,0.68207,0.85072,0.00000,0.15385,0.58926,0.54300
49,Discriminator,0.69034,0.85055,0.00000,0.07692,0.45382,0.45974
50,Discriminator,0.69595,0.84848,0.00000,0.00000,0.39664,0.42322
51,Discriminator,0.68917,0.84779,0.00000,0.00000,0.48836,0.49031
52,Discriminator,0.68407,0.84691,0.00000,0.11538,0.44720,0.49031
53,Discriminator,0.69126,0.84560,0.00000,0.00000,0.44267,0.44031
54,Discriminator,0.68770,0.84400,0.00000,0.03846,0.53469,0.58120
55,Discriminator,0.67290,0.84608,0.00000,0.15385,0.62441,0.62028
56,Discriminator,0.67973,0.84267,0.00000,0.07692,0.51556,0.52155
57,Discriminator,0.69581,0.84287,0.00000,0.03846,0.41276,0.41948
58,Discriminator,0.67321,0.84365,0.00000,0.15385,0.49521,0.49760
59,Discriminator,0.67583,0.84113,0.00000,0.15385,0.46577,0.48011
60,Discriminator,0.66975,0.84030,0.00000,0.07692,0.44833,0.48585
61,Discriminator,0.66281,0.83908,0.00000,0.19231,0.57514,0.55200
62,Discriminator,0.66994,0.83683,0.00000,0.15385,0.42887,0.46953
63,Discriminator,0.68136,0.83785,0.00000,0.07692,0.35615,0.40904
64,Discriminator,0.68672,0.83732,0.00000,0.03846,0.35562,0.41345
65,Discriminator,0.65361,0.83802,0.00000,0.19231,0.57132,0.55444
66,Discriminator,0.66839,0.83131,0.00000,0.19231,0.52976,0.52621
67,Discriminator,0.67211,0.83507,0.00000,0.11538,0.45819,0.46607
68,Discriminator,0.66321,0.83391,0.00000,0.11538,0.48013,0.47679
69,Discriminator,0.65433,0.83552,0.00000,0.34615,0.54006,0.53952
70,Discriminator,0.66667,0.83025,0.00000,0.15385,0.37014,0.44172
71,Discriminator,0.65632,0.83094,0.00000,0.30769,0.40027,0.43490
72,Discriminator,0.64118,0.83360,0.00000,0.30769,0.59470,0.62052
73,Discriminator,0.67567,0.83073,0.00000,0.15385,0.46554,0.46631
74,Discriminator,0.65324,0.83148,0.00000,0.30769,0.42221,0.44007
75,Discriminator,0.64127,0.82848,0.03846,0.26923,0.52687,0.52373
76,Discriminator,0.65072,0.82627,0.00000,0.23077,0.46026,0.46416
77,Discriminator,0.65139,0.82290,0.00000,0.23077,0.39726,0.42835
78,Discriminator,0.65024,0.81739,0.00000,0.11538,0.36165,0.38697
79,Discriminator,0.62965,0.82397,0.00000,0.46154,0.47557,0.48106
80,Discriminator,0.63381,0.82254,0.00000,0.26923,0.54232,0.52538
81,Discriminator,0.63058,0.81765,0.00000,0.26923,0.48185,0.48957
82,Discriminator,0.61729,0.81855,0.00000,0.42308,0.45833,0.46108
83,Discriminator,0.62890,0.81281,0.00000,0.34615,0.43762,0.42187
84,Discriminator,0.61128,0.81543,0.00000,0.26923,0.52808,0.51390
85,Discriminator,0.60263,0.82009,0.00000,0.50000,0.46544,0.48859
86,Discriminator,0.60210,0.82036,0.00000,0.57692,0.39095,0.44954
87,Discriminator,0.60548,0.81911,0.00000,0.61538,0.55421,0.56327
88,Discriminator,0.60773,0.80874,0.00000,0.42308,0.43174,0.40581
89,Discriminator,0.60413,0.81601,0.00000,0.50000,0.34962,0.40138
90,Discriminator,0.59825,0.81384,0.00000,0.57692,0.46359,0.43921
91,Discriminator,0.57482,0.81039,0.00000,0.73077,0.39682,0.41796
92,Discriminator,0.57163,0.81122,0.00000,0.76923,0.59291,0.66325
93,Discriminator,0.58612,0.80920,0.00000,0.73077,0.41747,0.46071
94,Discriminator,0.55920,0.80646,0.03846,0.80769,0.50634,0.49762
95,Generator,0.55920,0.80385,0.00000,0.73077,0.40399,0.42798
96,Generator,0.55920,0.77181,0.00000,0.76923,0.39278,0.40536
97,Generator,0.55920,0.75570,0.19231,0.73077,0.40970,0.40373
98,Generator,0.55920,0.72991,0.34615,0.80769,0.43338,0.44197
99,Generator,0.55920,0.71194,0.38462,0.73077,0.39988,0.41612
100,Generator,0.55920,0.69050,0.46154,0.76923,0.47900,0.48060
101,Generator,0.55920,0.65436,0.69231,0.76923,0.39997,0.40013
102,Generator,0.55920,0.62293,0.73077,0.76923,0.49841,0.49450
103,Generator,0.55920,0.62127,0.76923,0.65385,0.41367,0.40767
104,Generator,0.55920,0.60825,0.80769,0.80769,0.36705,0.39228
105,Discriminator,0.65670,0.63128,0.73077,0.73077,0.51683,0.51871
106,Discriminator,0.66473,0.62453,0.73077,0.92308,0.44062,0.44070
107,Discriminator,0.65576,0.64975,0.65385,0.76923,0.36688,0.39265
108,Discriminator,0.68438,0.64112,0.65385,0.76923,0.37321,0.41542
109,Discriminator,0.62886,0.64479,0.73077,0.73077,0.55090,0.53744
110,Discriminator,0.63468,0.67588,0.46154,0.80769,0.40073,0.43398
111,Discriminator,0.64377,0.67968,0.69231,0.80769,0.44041,0.44297
112,Discriminator,0.62505,0.68961,0.61538,0.84615,0.54249,0.53831
113,Discriminator,0.65692,0.71280,0.46154,0.65385,0.39671,0.41968
114,Discriminator,0.62801,0.68796,0.42308,0.73077,0.45911,0.49028
115,Discriminator,0.61186,0.69917,0.53846,0.73077,0.49524,0.46400
116,Discriminator,0.60448,0.70521,0.26923,0.65385,0.36188,0.38654
117,Discriminator,0.62128,0.70780,0.38462,0.61538,0.39167,0.39550
118,Discriminator,0.62585,0.72227,0.46154,0.76923,0.41741,0.42899
119,Discriminator,0.61761,0.73222,0.34615,0.76923,0.60234,0.62102
120,Discriminator,0.61239,0.72863,0.26923,0.76923,0.45909,0.47566
121,Discriminator,0.59162,0.74639,0.19231,0.84615,0.52067,0.51434
122,Generator,0.59162,0.72858,0.34615,0.80769,0.53809,0.54633
123,Generator,0.59162,0.70334,0.42308,0.88462,0.40933,0.42821
124,Generator,0.59162,0.66165,0.38462,0.96154,0.44272,0.45987
125,Generator,0.59162,0.68143,0.46154,0.80769,0.46880,0.45316
126,Generator,0.59162,0.65148,0.50000,0.84615,0.39327,0.41542
127,Generator,0.59162,0.64780,0.65385,0.80769,0.40060,0.41288
128,Generator,0.59162,0.61565,0.73077,0.76923,0.44373,0.44857
129,Generator,0.59162,0.61925,0.73077,0.73077,0.54924,0.53369
130,Generator,0.59162,0.61384,0.73077,0.76923,0.39247,0.42762
131,Generator,0.59162,0.58073,0.73077,0.69231,0.53707,0.52998
132,Generator,0.59162,0.57692,0.69231,0.76923,0.38049,0.45406
133,Generator,0.59162,0.58830,0.84615,0.73077,0.39497,0.43623
134,Discriminator,0.69287,0.55897,0.65385,0.76923,0.50276,0.50949
135,Discriminator,0.70104,0.59438,0.76923,0.76923,0.44155,0.48441
136,Discriminator,0.69901,0.63143,0.61538,0.65385,0.38500,0.41549
137,Discriminator,0.66832,0.63205,0.65385,0.73077,0.42563,0.50131
138,Discriminator,0.66684,0.62806,0.73077,0.84615,0.55215,0.55379
139,Discriminator,0.68572,0.65857,0.57692,0.65385,0.34538,0.40808
140,Discriminator,0.66140,0.66417,0.50000,0.73077,0.39495,0.44074
141,Discriminator,0.66489,0.67066,0.53846,0.80769,0.46446,0.47055
142,Discriminator,0.63444,0.67465,0.46154,0.80769,0.69863,0.65671
143,Discriminator,0.64302,0.68007,0.50000,0.80769,0.42323,0.43937
144,Discriminator,0.64333,0.70584,0.30769,0.73077,0.44804,0.47459
145,Discriminator,0.63266,0.71272,0.34615,0.65385,0.46053,0.48348
146,Discriminator,0.65053,0.71241,0.30769,0.76923,0.49591,0.58805
147,Discriminator,0.64723,0.72765,0.26923,0.73077,0.40063,0.42103
148,Discriminator,0.63324,0.73351,0.42308,0.80769,0.38595,0.40141
149,Discriminator,0.60977,0.71841,0.38462,0.80769,0.47401,0.47791
150,Discriminator,0.61262,0.73200,0.30769,0.76923,0.50617,0.52430
151,Discriminator,0.59815,0.75229,0.23077,0.88462,0.57894,0.56163
152,Discriminator,0.61350,0.74564,0.26923,0.80769,0.43629,0.44856
153,Discriminator,0.60788,0.74846,0.19231,0.88462,0.38043,0.43446
154,Generator,0.60788,0.74408,0.23077,0.73077,0.40064,0.43152
155,Generator,0.60788,0.73906,0.23077,0.76923,0.42107,0.44935
156,Generator,0.60788,0.72167,0.26923,0.57692,0.38325,0.41765
157,Generator,0.60788,0.72609,0.30769,0.88462,0.51979,0.52564
158,Generator,0.60788,0.68821,0.46154,0.69231,0.55535,0.55627
159,Generator,0.60788,0.66677,0.42308,0.76923,0.42357,0.46331
160,Generator,0.60788,0.66779,0.46154,0.80769,0.40268,0.43434
161,Generator,0.60788,0.66523,0.46154,0.80769,0.45700,0.47296
162,Generator,0.60788,0.64803,0.46154,0.84615,0.37973,0.42480
163,Generator,0.60788,0.67280,0.65385,0.61538,0.40111,0.43633
164,Generator,0.60788,0.65039,0.69231,0.80769,0.45390,0.50771
165,Generator,0.60788,0.57629,0.69231,0.69231,0.38067,0.42271
166,Generator,0.60788,0.59147,0.76923,0.69231,0.44240,0.44611
167,Generator,0.60788,0.57429,0.80769,0.65385,0.48623,0.52319
168,Discriminator,0.71710,0.60409,0.73077,0.46154,0.47017,0.50939
169,Discriminator,0.68663,0.59133,0.50000,0.61538,0.41127,0.46962
170,Discriminator,0.67510,0.62306,0.53846,0.73077,0.45573,0.45531
171,Discriminator,0.68367,0.63252,0.42308,0.61538,0.42956,0.45257
172,Discriminator,0.66896,0.67377,0.65385,0.69231,0.49658,0.50637
173,Discriminator,0.68337,0.69481,0.50000,0.61538,0.46538,0.50086
174,Discriminator,0.66565,0.69573,0.50000,0.69231,0.45064,0.46352
175,Discriminator,0.65823,0.68599,0.38462,0.69231,0.44917,0.46915
176,Discriminator,0.62802,0.70112,0.34615,0.61538,0.46030,0.44968
177,Discriminator,0.63326,0.71452,0.34615,0.65385,0.43260,0.47744
178,Discriminator,0.65870,0.73212,0.30769,0.46154,0.42652,0.46841
179,Discriminator,0.63226,0.72379,0.38462,0.73077,0.39043,0.41302
180,Discriminator,0.63096,0.77221,0.30769,0.53846,0.47328,0.54958
181,Discriminator,0.63852,0.75421,0.19231,0.73077,0.39542,0.43616
182,Discriminator,0.61837,0.74451,0.23077,0.50000,0.52849,0.54658
183,Discriminator,0.62788,0.74868,0.15385,0.57692,0.40958,0.45332
184,Discriminator,0.62278,0.77176,0.26923,0.61538,0.47654,0.48245
185,Discriminator,0.59933,0.79020,0.15385,0.57692,0.45118,0.50193
186,Discriminator,0.59430,0.78715,0.07692,0.53846,0.43538,0.43475
187,Discriminator,0.58753,0.79633,0.15385,0.73077,0.46938,0.49058
188,Discriminator,0.58979,0.78879,0.07692,0.65385,0.47545,0.50836
189,Discriminator,0.59396,0.78389,0.11538,0.73077,0.38074,0.42603
190,Discriminator,0.58193,0.80964,0.03846,0.73077,0.58211,0.61445
191,Discriminator,0.58317,0.79586,0.03846,0.53846,0.49193,0.53090
192,Discriminator,0.57367,0.80462,0.03846,0.84615,0.52774,0.51043
193,Generator,0.57367,0.78150,0.03846,0.61538,0.41295,0.45857
194,Generator,0.57367,0.76325,0.19231,0.73077,0.44130,0.45809
195,Generator,0.57367,0.73898,0.19231,0.53846,0.41849,0.43130
196,Generator,0.57367,0.71502,0.26923,0.73077,0.39198,0.39588
197,Generator,0.57367,0.70745,0.46154,0.76923,0.37399,0.41677
198,Generator,0.57367,0.69245,0.42308,0.61538,0.42525,0.41589
199,Generator,0.57367,0.65188,0.73077,0.69231,0.42729,0.42663
200,Generator,0.57367,0.62356,0.38462,0.57692,0.42823,0.47502
201,Generator,0.57367,0.60138,0.73077,0.73077,0.37442,0.41654
202,Generator,0.57367,0.58733,0.80769,0.65385,0.44544,0.48411
203,Discriminator,0.72029,0.57040,0.73077,0.57692,0.49721,0.55506
204,Discriminator,0.73059,0.61957,0.65385,0.69231,0.41508,0.41885
205,Discriminator,0.69439,0.63419,0.69231,0.57692,0.42748,0.44315
206,Discriminator,0.67988,0.64966,0.69231,0.65385,0.46015,0.47055
207,Discriminator,0.69942,0.65909,0.34615,0.57692,0.45369,0.45329
208,Discriminator,0.71294,0.67373,0.61538,0.53846,0.38629,0.41275
209,Discriminator,0.67505,0.69391,0.57692,0.73077,0.42217,0.42630
210,Discriminator,0.66963,0.71360,0.50000,0.57692,0.41919,0.41111
211,Discriminator,0.65797,0.73815,0.34615,0.69231,0.39128,0.40980
212,Discriminator,0.65788,0.71344,0.30769,0.57692,0.44618,0.45223
213,Discriminator,0.63059,0.72775,0.26923,0.50000,0.45693,0.49926
214,Discriminator,0.67404,0.73140,0.26923,0.65385,0.40408,0.42805
215,Discriminator,0.64651,0.73542,0.19231,0.57692,0.38030,0.43020
216,Discriminator,0.63921,0.77026,0.15385,0.73077,0.40639,0.42551
217,Discriminator,0.64955,0.75543,0.26923,0.46154,0.43619,0.42453
218,Discriminator,0.63961,0.78087,0.26923,0.53846,0.37551,0.40443
219,Discriminator,0.62602,0.77365,0.26923,0.50000,0.48466,0.48083
220,Discriminator,0.63660,0.75795,0.19231,0.53846,0.38981,0.41991
221,Discriminator,0.60477,0.75574,0.19231,0.65385,0.50491,0.52181
222,Discriminator,0.63564,0.77248,0.23077,0.53846,0.40906,0.43753
223,Discriminator,0.62431,0.77994,0.19231,0.61538,0.58829,0.55866
224,Discriminator,0.61701,0.76599,0.23077,0.57692,0.39258,0.40809
225,Discriminator,0.61026,0.77732,0.11538,0.46154,0.38190,0.40170
226,Discriminator,0.59645,0.80327,0.19231,0.76923,0.41533,0.43597
227,Discriminator,0.61636,0.80127,0.07692,0.65385,0.44515,0.45014
228,Discriminator,0.60080,0.79695,0.19231,0.73077,0.46042,0.44264
229,Discriminator,0.59319,0.79894,0.07692,0.57692,0.41795,0.40486
230,Discriminator,0.60554,0.80663,0.11538,0.69231,0.41908,0.43974
231,Discriminator,0.57085,0.80094,0.15385,0.84615,0.41814,0.44031
232,Generator,0.57085,0.77082,0.15385,0.84615,0.53026,0.49417
233,Generator,0.57085,0.74259,0.11538,0.65385,0.41548,0.42043
234,Generator,0.57085,0.71233,0.53846,0.53846,0.38644,0.41437
235,Generator,0.57085,0.66774,0.53846,0.80769,0.45152,0.47600
236,Generator,0.57085,0.65837,0.65385,0.61538,0.39235,0.41750
237,Generator,0.57085,0.59780,0.65385,0.73077,0.42036,0.42321
238,Generator,0.57085,0.59984,0.84615,0.57692,0.41848,0.42505
239,Discriminator,0.73443,0.60958,0.73077,0.61538,0.44850,0.44640
240,Discriminator,0.74394,0.59089,0.65385,0.73077,0.46810,0.48269
241,Discriminator,0.70868,0.57740,0.61538,0.65385,0.36788,0.38336
242,Discriminator,0.69775,0.62353,0.53846,0.42308,0.37745,0.37912
243,Discriminator,0.68571,0.64764,0.73077,0.65385,0.44863,0.44418
244,Discriminator,0.69605,0.67406,0.38462,0.65385,0.33898,0.38432
245,Discriminator,0.66481,0.67323,0.50000,0.73077,0.50365,0.48875
246,Discriminator,0.66669,0.71320,0.34615,0.65385,0.41420,0.41889
247,Discriminator,0.65017,0.71639,0.34615,0.53846,0.38879,0.41128
248,Discriminator,0.66145,0.72710,0.30769,0.50000,0.44109,0.44064
249,Discriminator,0.64500,0.71153,0.34615,0.65385,0.44606,0.43013
250,Discriminator,0.64621,0.72839,0.26923,0.65385,0.53319,0.58551
251,Discriminator,0.62901,0.73437,0.38462,0.65385,0.43900,0.47590
252,Discriminator,0.62865,0.71356,0.30769,0.46154,0.31564,0.36844
253,Discriminator,0.62948,0.74237,0.26923,0.57692,0.35446,0.37098
254,Discriminator,0.63703,0.77182,0.26923,0.46154,0.33197,0.38675
255,Discriminator,0.65370,0.75580,0.23077,0.65385,0.40264,0.41340
256,Discriminator,0.63953,0.76408,0.23077,0.53846,0.42969,0.44366
257,Discriminator,0.62177,0.76222,0.19231,0.65385,0.32903,0.36585
258,Discriminator,0.61668,0.77456,0.11538,0.61538,0.40369,0.40760
259,Discriminator,0.60487,0.76060,0.19231,0.69231,0.45950,0.42846
260,Discriminator,0.61369,0.79110,0.23077,0.69231,0.48229,0.49598
261,Discriminator,0.61115,0.78270,0.11538,0.76923,0.35874,0.40882
262,Discriminator,0.59387,0.78515,0.19231,0.76923,0.40992,0.42238
263,Discriminator,0.60599,0.79496,0.19231,0.61538,0.44997,0.44859
264,Discriminator,0.60216,0.80325,0.19231,0.65385,0.38294,0.41275
265,Discriminator,0.59476,0.80486,0.15385,0.57692,0.37087,0.39045
266,Discriminator,0.57849,0.77947,0.15385,0.65385,0.46359,0.49119
267,Discriminator,0.59403,0.79878,0.15385,0.61538,0.39349,0.40222
268,Discriminator,0.61469,0.78931,0.19231,0.53846,0.47560,0.49441
269,Discriminator,0.61402,0.81449,0.26923,0.65385,0.41066,0.43156
270,Discriminator,0.59824,0.79891,0.19231,0.73077,0.39950,0.43424
271,Discriminator,0.55253,0.81426,0.19231,0.80769,0.38836,0.41327
272,Generator,0.55253,0.78137,0.34615,0.76923,0.56287,0.55792
273,Generator,0.55253,0.73974,0.30769,0.73077,0.48375,0.50266
274,Generator,0.55253,0.69737,0.42308,0.69231,0.38905,0.39370
275,Generator,0.55253,0.68658,0.46154,0.69231,0.35537,0.36269
276,Generator,0.55253,0.66625,0.65385,0.69231,0.52777,0.53389
277,Generator,0.55253,0.63578,0.57692,0.69231,0.31387,0.35731
278,Generator,0.55253,0.61464,0.73077,0.65385,0.43167,0.45715
279,Generator,0.55253,0.57623,0.76923,0.84615,0.57932,0.58254
280,Generator,0.55253,0.56808,0.76923,0.73077,0.32867,0.36112
281,Generator,0.55253,0.53544,0.84615,0.57692,0.39031,0.41048
282,Discriminator,0.78388,0.53099,0.76923,0.76923,0.32673,0.37857
283,Discriminator,0.71315,0.59208,0.73077,0.73077,0.40395,0.40211
284,Discriminator,0.69157,0.59645,0.57692,0.76923,0.67728,0.62756
285,Discriminator,0.71932,0.59677,0.69231,0.61538,0.43088,0.43902
286,Discriminator,0.67088,0.65997,0.61538,0.80769,0.42167,0.44213
287,Discriminator,0.69142,0.67795,0.57692,0.50000,0.35505,0.38535
288,Discriminator,0.65412,0.68760,0.57692,0.61538,0.33883,0.36449
289,Discriminator,0.67607,0.67679,0.50000,0.57692,0.39069,0.39389
290,Discriminator,0.65438,0.70938,0.46154,0.50000,0.63234,0.66855
291,Discriminator,0.65803,0.70655,0.19231,0.57692,0.37094,0.39027
292,Discriminator,0.66431,0.72910,0.46154,0.57692,0.44079,0.46352
293,Discriminator,0.66942,0.75861,0.26923,0.53846,0.39603,0.41326
294,Discriminator,0.64142,0.76102,0.38462,0.42308,0.48876,0.50918
295,Discriminator,0.63410,0.76839,0.23077,0.53846,0.42887,0.47391
296,Discriminator,0.64005,0.74357,0.34615,0.57692,0.34538,0.40834
297,Discriminator,0.62068,0.78636,0.26923,0.30769,0.45164,0.47569
298,Discriminator,0.61138,0.78428,0.19231,0.53846,0.39156,0.40320
299,Discriminator,0.62557,0.78555,0.23077,0.30769,0.38378,0.39329
300,Discriminator,0.59527,0.79854,0.15385,0.57692,0.35237,0.40446
301,Discriminator,0.61329,0.82407,0.11538,0.42308,0.42576,0.44542
302,Discriminator,0.59697,0.79991,0.03846,0.46154,0.38251,0.38857
303,Discriminator,0.59302,0.82798,0.11538,0.42308,0.41679,0.41768
304,Discriminator,0.58194,0.81379,0.11538,0.73077,0.39025,0.41693
305,Discriminator,0.59552,0.83107,0.15385,0.50000,0.36915,0.39975
306,Discriminator,0.56320,0.81240,0.15385,0.61538,0.42747,0.46545
307,Discriminator,0.60215,0.85144,0.11538,0.57692,0.41591,0.43138
308,Discriminator,0.57533,0.86269,0.03846,0.61538,0.44754,0.45745
309,Discriminator,0.59362,0.84497,0.00000,0.50000,0.39335,0.41965
310,Discriminator,0.55878,0.85058,0.00000,0.73077,0.47920,0.48974
311,Discriminator,0.59146,0.86636,0.11538,0.73077,0.33909,0.37082
312,Discriminator,0.58475,0.87786,0.11538,0.50000,0.34077,0.38533
313,Discriminator,0.57605,0.88881,0.11538,0.50000,0.40457,0.39607
314,Discriminator,0.56773,0.87368,0.11538,0.73077,0.40610,0.41776
315,Discriminator,0.54515,0.87109,0.07692,0.61538,0.49338,0.48680
316,Discriminator,0.55202,0.89169,0.07692,0.69231,0.31677,0.37607
317,Discriminator,0.56453,0.87867,0.11538,0.69231,0.43647,0.44381
318,Discriminator,0.55535,0.89437,0.00000,0.46154,0.42360,0.46376
319,Discriminator,0.51652,0.89610,0.11538,0.76923,0.47619,0.45798
320,Discriminator,0.54605,0.91307,0.11538,0.69231,0.46470,0.46640
321,Discriminator,0.50612,0.93787,0.07692,0.69231,0.46575,0.47044
322,Discriminator,0.50956,0.94740,0.07692,0.84615,0.47714,0.50610
323,Generator,0.50956,0.90251,0.11538,0.65385,0.39623,0.41095
324,Generator,0.50956,0.88082,0.07692,0.65385,0.40635,0.41054
325,Generator,0.50956,0.79130,0.23077,0.69231,0.32777,0.38096
326,Generator,0.50956,0.75958,0.42308,0.73077,0.44515,0.44235
327,Generator,0.50956,0.64745,0.53846,0.57692,0.41748,0.42533
328,Generator,0.50956,0.61550,0.53846,0.57692,0.40389,0.41197
329,Generator,0.50956,0.57686,0.61538,0.50000,0.30750,0.33212
330,Generator,0.50956,0.57337,0.73077,0.38462,0.37679,0.38474
331,Generator,0.50956,0.54825,0.69231,0.69231,0.44298,0.45358
332,Generator,0.50956,0.47790,0.80769,0.65385,0.43568,0.41395
333,Discriminator,0.82856,0.52928,0.73077,0.73077,0.33718,0.34948
334,Discriminator,0.75328,0.55066,0.80769,0.57692,0.33819,0.34990
335,Discriminator,0.72741,0.60497,0.69231,0.57692,0.38811,0.40079
336,Discriminator,0.72415,0.64355,0.53846,0.50000,0.40299,0.41464
337,Discriminator,0.71644,0.64192,0.65385,0.50000,0.41717,0.40086
338,Discriminator,0.67375,0.69998,0.50000,0.57692,0.50320,0.47523
339,Discriminator,0.65839,0.71579,0.46154,0.42308,0.40344,0.41083
340,Discriminator,0.67057,0.72686,0.30769,0.38462,0.37381,0.37491
341,Discriminator,0.65644,0.74641,0.26923,0.50000,0.35665,0.37812
342,Discriminator,0.66263,0.82921,0.19231,0.38462,0.44740,0.43303
343,Discriminator,0.65669,0.80448,0.30769,0.38462,0.36160,0.35975
344,Discriminator,0.65502,0.83083,0.23077,0.23077,0.37274,0.37726
345,Discriminator,0.59893,0.85610,0.11538,0.50000,0.46118,0.47863
346,Discriminator,0.62655,0.85561,0.11538,0.46154,0.32938,0.34315
347,Discriminator,0.60026,0.85320,0.11538,0.50000,0.36956,0.37101
348,Discriminator,0.60521,0.86221,0.19231,0.46154,0.41123,0.42726
349,Discriminator,0.63546,0.86189,0.07692,0.30769,0.39533,0.40175
350,Discriminator,0.60162,0.89582,0.15385,0.46154,0.42209,0.44432
351,Discriminator,0.57702,0.90430,0.03846,0.57692,0.43964,0.44308
352,Discriminator,0.57772,0.93224,0.15385,0.42308,0.39687,0.40608
353,Discriminator,0.62818,0.91424,0.03846,0.46154,0.33205,0.36075
354,Discriminator,0.56703,0.92883,0.03846,0.38462,0.47591,0.46058
355,Discriminator,0.56934,0.93197,0.03846,0.57692,0.52800,0.51758
356,Discriminator,0.54729,0.93157,0.07692,0.46154,0.52135,0.54248
357,Discriminator,0.54661,0.93775,0.11538,0.53846,0.50924,0.48756
358,Discriminator,0.58802,0.94537,0.03846,0.42308,0.38045,0.39897
359,Discriminator,0.57434,0.96515,0.03846,0.46154,0.44367,0.42732
360,Discriminator,0.55511,0.97293,0.03846,0.26923,0.44596,0.42685
361,Discriminator,0.58808,0.94487,0.00000,0.46154,0.42207,0.41489
362,Discriminator,0.55070,0.97660,0.03846,0.73077,0.39534,0.39801
363,Discriminator,0.52012,0.97652,0.11538,0.69231,0.48779,0.46881
364,Discriminator,0.54980,1.00268,0.03846,0.50000,0.38337,0.41742
365,Discriminator,0.53190,1.00075,0.03846,0.61538,0.46348,0.46369
366,Discriminator,0.54086,1.01406,0.03846,0.61538,0.33195,0.36042
367,Discriminator,0.55357,0.98849,0.00000,0.61538,0.39672,0.40659
368,Discriminator,0.49118,1.05257,0.07692,0.57692,0.48035,0.48021
369,Discriminator,0.53363,1.04352,0.00000,0.53846,0.37455,0.35599
370,Discriminator,0.54579,1.04562,0.00000,0.65385,0.39980,0.41229
371,Discriminator,0.54743,1.01966,0.03846,0.46154,0.36060,0.35623
372,Discriminator,0.51065,1.07141,0.07692,0.84615,0.33858,0.36569
373,Generator,0.51065,1.00062,0.00000,0.46154,0.45172,0.46400
374,Generator,0.51065,0.90693,0.26923,0.73077,0.39676,0.38912
375,Generator,0.51065,0.79962,0.11538,0.42308,0.48526,0.53505
376,Generator,0.51065,0.73004,0.50000,0.50000,0.43369,0.43222
377,Generator,0.51065,0.65372,0.65385,0.42308,0.36531,0.38936
378,Generator,0.51065,0.60742,0.57692,0.57692,0.44457,0.43164
379,Generator,0.51065,0.63071,0.76923,0.69231,0.38242,0.38717
380,Generator,0.51065,0.53604,0.88462,0.61538,0.51100,0.49462
381,Discriminator,0.78151,0.50433,0.69231,0.57692,0.47257,0.46191
382,Discriminator,0.74149,0.59870,0.57692,0.57692,0.39234,0.39067
383,Discriminator,0.75764,0.61154,0.46154,0.50000,0.36612,0.35994
384,Discriminator,0.71704,0.71815,0.57692,0.50000,0.40683,0.40765
385,Discriminator,0.70568,0.70458,0.57692,0.46154,0.36663,0.39148
386,Discriminator,0.74767,0.71877,0.38462,0.38462,0.35584,0.36370
387,Discriminator,0.66271,0.75641,0.38462,0.61538,0.42219,0.42701
388,Discriminator,0.64176,0.79771,0.30769,0.57692,0.33674,0.37195
389,Discriminator,0.68558,0.79345,0.26923,0.42308,0.42503,0.44396
390,Discriminator,0.62619,0.81378,0.23077,0.61538,0.45877,0.48326
391,Discriminator,0.59835,0.83509,0.19231,0.57692,0.40406,0.41924
392,Discriminator,0.62687,0.89005,0.19231,0.46154,0.51285,0.48842
393,Discriminator,0.61307,0.89315,0.11538,0.38462,0.42352,0.43950
394,Discriminator,0.58893,0.88263,0.15385,0.46154,0.32971,0.35666
395,Discriminator,0.56464,0.90414,0.11538,0.61538,0.38439,0.40207
396,Discriminator,0.58093,0.91395,0.15385,0.69231,0.43050,0.42498
397,Discriminator,0.60960,0.98597,0.15385,0.50000,0.47163,0.48066
398,Discriminator,0.61157,0.97874,0.11538,0.38462,0.38758,0.37137
399,Discriminator,0.59978,0.95409,0.07692,0.46154,0.41709,0.40221
400,Discriminator,0.64373,0.98902,0.00000,0.26923,0.34412,0.36572
401,Discriminator,0.56539,0.95932,0.00000,0.57692,0.56677,0.55789
402,Discriminator,0.59270,0.99081,0.15385,0.46154,0.33554,0.34671
403,Discriminator,0.62936,1.00756,0.07692,0.50000,0.41583,0.41126
404,Discriminator,0.54848,1.04663,0.11538,0.53846,0.32123,0.33254
405,Discriminator,0.53984,1.00204,0.11538,0.57692,0.35396,0.37053
406,Discriminator,0.53721,1.01329,0.07692,0.73077,0.42301,0.42936
407,Discriminator,0.55601,1.09052,0.11538,0.46154,0.41497,0.42189
408,Discriminator,0.54331,1.06308,0.07692,0.53846,0.34649,0.35040
409,Discriminator,0.52012,1.06069,0.11538,0.65385,0.42047,0.41358
410,Discriminator,0.49567,1.11253,0.03846,0.61538,0.39105,0.38255
411,Discriminator,0.47057,1.07340,0.07692,0.46154,0.45158,0.44962
412,Discriminator,0.50281,1.12987,0.00000,0.65385,0.33818,0.33824
413,Discriminator,0.46725,1.14156,0.00000,0.57692,0.49703,0.52130
414,Discriminator,0.48481,1.23302,0.00000,0.61538,0.38301,0.38409
415,Discriminator,0.55731,1.31873,0.07692,0.50000,0.38852,0.38390
416,Discriminator,0.49725,1.25898,0.03846,0.61538,0.39685,0.40817
417,Discriminator,0.46895,1.28106,0.03846,0.50000,0.50132,0.49191
418,Discriminator,0.44483,1.30997,0.07692,0.53846,0.39780,0.40126
419,Discriminator,0.45178,1.24953,0.03846,0.76923,0.39370,0.38957
420,Discriminator,0.51022,1.40907,0.00000,0.53846,0.35500,0.38276
421,Discriminator,0.42050,1.34886,0.03846,0.69231,0.35179,0.37632
422,Discriminator,0.44299,1.50113,0.03846,0.53846,0.33776,0.34805
423,Discriminator,0.42432,1.49480,0.07692,0.50000,0.44096,0.44640
424,Discriminator,0.35899,1.45494,0.03846,0.69231,0.58231,0.60697
425,Discriminator,0.40404,1.42152,0.00000,0.65385,0.43888,0.43824
426,Discriminator,0.38934,1.48859,0.00000,0.61538,0.37862,0.36954
427,Discriminator,0.43296,1.45182,0.00000,0.69231,0.34486,0.36130
428,Discriminator,0.38988,1.55868,0.07692,0.73077,0.40650,0.40107
429,Discriminator,0.39856,1.55901,0.03846,0.76923,0.38220,0.37333
430,Discriminator,0.39748,1.73299,0.03846,0.73077,0.35072,0.35151
431,Discriminator,0.39579,1.63099,0.03846,0.73077,0.36115,0.37156
432,Discriminator,0.39104,1.63548,0.03846,0.69231,0.38929,0.38901
433,Discriminator,0.34238,1.77075,0.03846,0.84615,0.32864,0.34805
434,Generator,0.34238,1.34049,0.03846,0.76923,0.36251,0.37130
435,Generator,0.34238,1.04235,0.42308,0.80769,0.33663,0.33071
436,Generator,0.34238,0.65432,0.61538,0.84615,0.31676,0.30165
437,Generator,0.34238,0.55602,0.76923,0.80769,0.29607,0.31668
438,Generator,0.34238,0.43926,0.76923,0.84615,0.39248,0.40595
439,Generator,0.34238,0.41742,0.92308,0.69231,0.35238,0.37382
440,Discriminator,0.80888,0.47073,0.84615,0.73077,0.30050,0.32473
441,Discriminator,0.75913,0.45434,0.76923,0.69231,0.34364,0.37584
442,Discriminator,0.68637,0.58541,0.69231,0.92308,0.30894,0.32928
443,Discriminator,0.73635,0.63076,0.57692,0.76923,0.30010,0.34618
444,Discriminator,0.70177,0.65610,0.50000,0.57692,0.41843,0.45149
445,Discriminator,0.66133,0.75065,0.73077,0.53846,0.40911,0.42528
446,Discriminator,0.71168,0.72469,0.38462,0.69231,0.37563,0.39710
447,Discriminator,0.64774,0.82009,0.42308,0.80769,0.35576,0.39156
448,Discriminator,0.62389,0.79519,0.30769,0.69231,0.34360,0.33810
449,Discriminator,0.62759,0.90043,0.42308,0.50000,0.32860,0.35242
450,Discriminator,0.67905,0.91825,0.46154,0.53846,0.43111,0.41212
451,Discriminator,0.62992,0.90322,0.30769,0.57692,0.32979,0.32755
452,Discriminator,0.57601,0.94669,0.19231,0.61538,0.36906,0.37156
453,Discriminator,0.65226,1.01862,0.23077,0.50000,0.33384,0.32720
454,Discriminator,0.53736,1.01928,0.23077,0.61538,0.35807,0.37607
455,Discriminator,0.51588,0.99944,0.15385,0.73077,0.35960,0.37200
456,Discriminator,0.60523,1.10406,0.23077,0.53846,0.45155,0.45463
457,Discriminator,0.58929,1.07607,0.26923,0.65385,0.34219,0.33677
458,Discriminator,0.52730,1.16560,0.07692,0.61538,0.36019,0.37049
459,Discriminator,0.53099,1.10539,0.15385,0.69231,0.43096,0.43608
460,Discriminator,0.55432,1.10421,0.07692,0.61538,0.40737,0.39145
461,Discriminator,0.52867,1.12096,0.19231,0.53846,0.43681,0.42381
462,Discriminator,0.54817,1.12694,0.11538,0.42308,0.32575,0.35625
463,Discriminator,0.46956,1.26242,0.11538,0.65385,0.39276,0.42758
464,Discriminator,0.49648,1.33222,0.11538,0.76923,0.38127,0.43639
465,Discriminator,0.50431,1.28091,0.07692,0.57692,0.53939,0.49922
466,Discriminator,0.47494,1.37231,0.03846,0.57692,0.31306,0.34186
467,Discriminator,0.45598,1.23919,0.03846,0.53846,0.37252,0.37148
468,Discriminator,0.48374,1.31692,0.15385,0.61538,0.35814,0.34678
469,Discriminator,0.48997,1.30246,0.03846,0.50000,0.35072,0.34075
470,Discriminator,0.46430,1.30867,0.11538,0.80769,0.34727,0.35615
471,Generator,0.46430,1.14163,0.23077,0.69231,0.31993,0.36133
472,Generator,0.46430,0.87602,0.23077,0.73077,0.36373,0.37260
473,Generator,0.46430,0.71296,0.61538,0.61538,0.30907,0.32884
474,Generator,0.46430,0.66036,0.57692,0.69231,0.40115,0.41892
475,Generator,0.46430,0.56933,0.80769,0.61538,0.34445,0.35914
476,Discriminator,0.74514,0.62904,0.69231,0.61538,0.47920,0.47153
477,Discriminator,0.72576,0.61167,0.61538,0.80769,0.37891,0.37969
478,Discriminator,0.68604,0.68936,0.69231,0.61538,0.41265,0.44972
479,Discriminator,0.70181,0.71133,0.65385,0.76923,0.33511,0.34839
480,Discriminator,0.71427,0.67471,0.50000,0.50000,0.40773,0.39590
481,Discriminator,0.63424,0.75980,0.34615,0.69231,0.44600,0.48383
482,Discriminator,0.65913,0.76711,0.38462,0.73077,0.37310,0.38570
483,Discriminator,0.58742,0.76967,0.34615,0.73077,0.41915,0.44398
484,Discriminator,0.65202,0.88986,0.42308,0.53846,0.39259,0.38522
485,Discriminator,0.61453,0.98800,0.26923,0.53846,0.39283,0.40355
486,Discriminator,0.60236,0.89983,0.38462,0.65385,0.33363,0.34479
487,Discriminator,0.63137,0.93493,0.19231,0.61538,0.41866,0.40434
488,Discriminator,0.58188,0.99052,0.23077,0.53846,0.38779,0.39195
489,Discriminator,0.52531,1.04115,0.03846,0.69231,0.51124,0.60245
490,Discriminator,0.58110,1.06885,0.15385,0.61538,0.35952,0.36800
491,Discriminator,0.57447,1.02281,0.26923,0.50000,0.31162,0.32287
492,Discriminator,0.56147,1.01360,0.23077,0.57692,0.38768,0.39895
493,Discriminator,0.55305,1.15598,0.19231,0.57692,0.36488,0.38987
494,Discriminator,0.55896,1.10551,0.07692,0.73077,0.29021,0.29933
495,Discriminator,0.55010,1.12128,0.26923,0.69231,0.32575,0.33567
496,Discriminator,0.52166,1.10090,0.19231,0.61538,0.36812,0.37627
497,Discriminator,0.49551,1.16714,0.19231,0.80769,0.43860,0.46056
498,Generator,0.49551,0.97328,0.19231,0.61538,0.42455,0.42137
499,Generator,0.49551,0.92906,0.23077,0.61538,0.43740,0.40569
500,Generator,0.49551,0.77162,0.42308,0.76923,0.32318,0.35353
501,Generator,0.49551,0.71396,0.38462,0.69231,0.34373,0.38989
502,Generator,0.49551,0.66497,0.57692,0.76923,0.53934,0.57085
503,Generator,0.49551,0.62385,0.50000,0.61538,0.43019,0.46628
504,Generator,0.49551,0.52754,0.65385,0.53846,0.38567,0.37980
505,Generator,0.49551,0.51923,0.73077,0.65385,0.35498,0.37230
506,Generator,0.49551,0.49691,0.73077,0.65385,0.35099,0.36837
507,Generator,0.49551,0.47968,0.80769,0.76923,0.34562,0.36471
508,Discriminator,0.86028,0.48365,0.76923,0.69231,0.33363,0.36230
509,Discriminator,0.83515,0.54937,0.73077,0.53846,0.34728,0.37167
510,Discriminator,0.78052,0.57135,0.65385,0.57692,0.38860,0.41524
511,Discriminator,0.71777,0.63828,0.57692,0.76923,0.47886,0.52045
512,Discriminator,0.75936,0.61151,0.80769,0.61538,0.51502,0.50545
513,Discriminator,0.65629,0.61455,0.65385,0.57692,0.40980,0.41527
514,Discriminator,0.70601,0.63020,0.65385,0.57692,0.47432,0.49185
515,Discriminator,0.72330,0.69769,0.65385,0.50000,0.38963,0.38204
516,Discriminator,0.67606,0.71229,0.61538,0.57692,0.31744,0.35159
517,Discriminator,0.65921,0.78218,0.57692,0.69231,0.50743,0.52527
518,Discriminator,0.63972,0.78076,0.53846,0.73077,0.36353,0.39142
519,Discriminator,0.65487,0.76589,0.34615,0.50000,0.31400,0.33434
520,Discriminator,0.64651,0.81434,0.38462,0.57692,0.36192,0.38954
521,Discriminator,0.61185,0.78130,0.26923,0.69231,0.45820,0.46240
522,Discriminator,0.64736,0.80500,0.26923,0.73077,0.32394,0.34058
523,Discriminator,0.57407,0.85650,0.34615,0.61538,0.40800,0.40611
524,Discriminator,0.58484,0.87650,0.42308,0.61538,0.39167,0.41757
525,Discriminator,0.62027,0.91121,0.19231,0.57692,0.35885,0.35985
526,Discriminator,0.64940,0.94990,0.23077,0.46154,0.35157,0.35052
527,Discriminator,0.60065,0.97257,0.26923,0.42308,0.34006,0.35472
528,Discriminator,0.60142,1.05321,0.15385,0.65385,0.31192,0.33411
529,Discriminator,0.59652,0.99103,0.03846,0.42308,0.39094,0.38999
530,Discriminator,0.57789,1.00869,0.11538,0.50000,0.30550,0.33314
531,Discriminator,0.50955,1.07187,0.11538,0.53846,0.35959,0.37307
532,Discriminator,0.58744,1.14115,0.07692,0.61538,0.36490,0.37071
533,Discriminator,0.53317,1.10483,0.19231,0.53846,0.39268,0.40665
534,Discriminator,0.54101,1.09539,0.15385,0.65385,0.31796,0.32320
535,Discriminator,0.49821,1.19946,0.11538,0.53846,0.45305,0.44618
536,Discriminator,0.51798,1.15256,0.07692,0.38462,0.31974,0.33325
537,Discriminator,0.54789,1.16399,0.07692,0.53846,0.30540,0.32337
538,Discriminator,0.50983,1.28711,0.03846,0.50000,0.47084,0.46638
539,Discriminator,0.50577,1.20241,0.00000,0.57692,0.37529,0.37516
540,Discriminator,0.47287,1.17843,0.00000,0.76923,0.41145,0.39913
541,Discriminator,0.49602,1.38916,0.03846,0.65385,0.30054,0.34525
542,Discriminator,0.48916,1.26624,0.11538,0.42308,0.47011,0.48216
543,Discriminator,0.43234,1.38571,0.11538,0.61538,0.35448,0.37468
544,Discriminator,0.48586,1.32766,0.07692,0.61538,0.40037,0.39055
545,Discriminator,0.46381,1.44621,0.03846,0.61538,0.38358,0.38106
546,Discriminator,0.43334,1.53502,0.11538,0.61538,0.45693,0.45060
547,Discriminator,0.42264,1.49026,0.00000,0.76923,0.35374,0.37899
548,Discriminator,0.41188,1.56313,0.03846,0.61538,0.36346,0.37642
549,Discriminator,0.39514,1.45763,0.03846,0.80769,0.34612,0.35864
550,Generator,0.39514,1.47064,0.11538,0.80769,0.35492,0.37710
551,Generator,0.39514,1.12566,0.23077,0.53846,0.37298,0.36563
552,Generator,0.39514,0.95777,0.26923,0.61538,0.34794,0.34480
553,Generator,0.39514,0.86484,0.38462,0.73077,0.34876,0.36802
554,Generator,0.39514,0.75698,0.34615,0.80769,0.41537,0.43635
555,Generator,0.39514,0.64171,0.57692,0.65385,0.40383,0.43910
556,Generator,0.39514,0.63655,0.57692,0.80769,0.36013,0.37143
557,Generator,0.39514,0.51396,0.76923,0.69231,0.38271,0.37953
558,Generator,0.39514,0.57733,0.73077,0.73077,0.42096,0.44590
559,Generator,0.39514,0.54335,0.69231,0.65385,0.34524,0.35888
560,Generator,0.39514,0.48921,0.92308,0.80769,0.49330,0.51753
561,Discriminator,0.76975,0.50828,0.73077,0.50000,0.45152,0.44919
562,Discriminator,0.83793,0.50970,0.76923,0.61538,0.32596,0.36467
563,Discriminator,0.81125,0.51553,0.80769,0.76923,0.32430,0.33753
564,Discriminator,0.76816,0.61625,0.76923,0.69231,0.29902,0.32277
565,Discriminator,0.73078,0.63235,0.65385,0.73077,0.38800,0.38369
566,Discriminator,0.73055,0.57570,0.69231,0.57692,0.30612,0.34918
567,Discriminator,0.68897,0.64866,0.61538,0.65385,0.52694,0.49104
568,Discriminator,0.68437,0.67256,0.73077,0.61538,0.42616,0.44308
569,Discriminator,0.69552,0.72414,0.61538,0.73077,0.44133,0.43159
570,Discriminator,0.61615,0.71280,0.46154,0.80769,0.32243,0.34231
571,Discriminator,0.66772,0.72151,0.46154,0.76923,0.38256,0.38315
572,Discriminator,0.65450,0.72461,0.46154,0.80769,0.51867,0.52828
573,Discriminator,0.62407,0.79317,0.38462,0.84615,0.34418,0.35224
574,Discriminator,0.66115,0.84471,0.30769,0.53846,0.32414,0.35018
575,Discriminator,0.59741,0.81895,0.34615,0.65385,0.43982,0.45433
576,Discriminator,0.59691,0.82915,0.30769,0.57692,0.34364,0.34132
577,Discriminator,0.56916,0.87767,0.30769,0.65385,0.38333,0.37831
578,Discriminator,0.65136,0.89062,0.23077,0.50000,0.36565,0.38091
579,Discriminator,0.63136,0.93216,0.23077,0.65385,0.42209,0.44758
580,Discriminator,0.62682,0.92483,0.26923,0.50000,0.47896,0.44972
581,Discriminator,0.56285,1.01477,0.26923,0.53846,0.40580,0.42561
582,Discriminator,0.58065,0.99636,0.11538,0.50000,0.33975,0.34710
583,Discriminator,0.49063,0.98976,0.07692,0.69231,0.45349,0.45489
584,Discriminator,0.55913,1.08596,0.11538,0.69231,0.55833,0.55476
585,Discriminator,0.54552,1.12364,0.26923,0.61538,0.44644,0.46377
586,Discriminator,0.53092,1.07878,0.07692,0.50000,0.28269,0.31691
587,Discriminator,0.49530,1.13379,0.23077,0.50000,0.34826,0.37196
588,Discriminator,0.57578,1.15052,0.11538,0.50000,0.36746,0.38298
589,Discriminator,0.56479,1.18955,0.11538,0.61538,0.33457,0.34217
590,Discriminator,0.50722,1.21238,0.07692,0.61538,0.41829,0.40712
591,Discriminator,0.51793,1.08073,0.03846,0.46154,0.32689,0.32115
592,Discriminator,0.50386,1.26778,0.07692,0.73077,0.32793,0.35354
593,Discriminator,0.53402,1.32853,0.07692,0.53846,0.40594,0.39552
594,Discriminator,0.52430,1.30284,0.03846,0.69231,0.40464,0.39739
595,Discriminator,0.52795,1.40261,0.07692,0.50000,0.39472,0.38374
596,Discriminator,0.45562,1.25971,0.03846,0.57692,0.37220,0.37216
597,Discriminator,0.45992,1.45551,0.03846,0.80769,0.32404,0.33193
598,Generator,0.45992,1.21844,0.15385,0.53846,0.42341,0.46085
599,Generator,0.45992,1.07228,0.03846,0.73077,0.35843,0.35971
600,Generator,0.45992,0.95652,0.23077,0.57692,0.43029,0.48393
601,Generator,0.45992,0.73409,0.42308,0.65385,0.33759,0.32777
602,Generator,0.45992,0.74261,0.46154,0.73077,0.30969,0.33208
603,Generator,0.45992,0.65638,0.50000,0.57692,0.40155,0.39060
604,Generator,0.45992,0.61435,0.61538,0.50000,0.39460,0.39427
605,Generator,0.45992,0.57347,0.65385,0.57692,0.41963,0.41782
606,Generator,0.45992,0.56155,0.92308,0.50000,0.30917,0.29736
607,Discriminator,0.76293,0.52528,0.80769,0.69231,0.31248,0.31664
608,Discriminator,0.74559,0.62794,0.73077,0.61538,0.31980,0.32811
609,Discriminator,0.74993,0.63856,0.76923,0.65385,0.38203,0.36805
610,Discriminator,0.72628,0.64315,0.53846,0.57692,0.44856,0.46720
611,Discriminator,0.73417,0.61473,0.73077,0.53846,0.36980,0.35636
612,Discriminator,0.73703,0.64389,0.38462,0.53846,0.39795,0.41208
613,Discriminator,0.71306,0.69732,0.65385,0.61538,0.29954,0.31244
614,Discriminator,0.66177,0.71267,0.57692,0.80769,0.42252,0.42467
615,Discriminator,0.67301,0.69286,0.57692,0.57692,0.43702,0.42233
616,Discriminator,0.68810,0.74780,0.53846,0.46154,0.37726,0.37025
617,Discriminator,0.63278,0.83193,0.46154,0.61538,0.53601,0.57021
618,Discriminator,0.65708,0.78735,0.38462,0.65385,0.44715,0.47041
619,Discriminator,0.62701,0.75602,0.42308,0.61538,0.37947,0.36464
620,Discriminator,0.64897,0.85764,0.42308,0.46154,0.30469,0.29251
621,Discriminator,0.60509,0.86662,0.26923,0.73077,0.34463,0.34311
622,Discriminator,0.67425,0.83014,0.30769,0.50000,0.32801,0.33889
623,Discriminator,0.62134,0.82905,0.30769,0.42308,0.41612,0.42557
624,Discriminator,0.63119,0.85659,0.19231,0.50000,0.35206,0.35305
625,Discriminator,0.66792,0.91453,0.11538,0.42308,0.40727,0.37945
626,Discriminator,0.59454,1.00912,0.30769,0.53846,0.37102,0.39766
627,Discriminator,0.63665,0.92082,0.15385,0.61538,0.46682,0.47619
628,Discriminator,0.58792,0.95257,0.03846,0.61538,0.31670,0.34828
629,Discriminator,0.60388,0.99001,0.07692,0.53846,0.31497,0.31258
630,Discriminator,0.56151,1.09899,0.11538,0.57692,0.43528,0.42806
631,Discriminator,0.56171,1.06478,0.11538,0.57692,0.33487,0.34663
632,Discriminator,0.54030,1.08296,0.15385,0.50000,0.30815,0.32834
633,Discriminator,0.53316,1.03507,0.19231,0.65385,0.51329,0.50175
634,Discriminator,0.69438,1.17804,0.15385,0.34615,0.34432,0.34031
635,Discriminator,0.55075,1.10523,0.19231,0.53846,0.36317,0.35865
636,Discriminator,0.57159,1.18384,0.03846,0.50000,0.42648,0.39501
637,Discriminator,0.52138,1.22569,0.03846,0.57692,0.38304,0.36199
638,Discriminator,0.48695,1.20675,0.00000,0.53846,0.39545,0.40709
639,Discriminator,0.55208,1.26747,0.03846,0.26923,0.33957,0.32536
640,Discriminator,0.55615,1.17094,0.03846,0.42308,0.34169,0.36078
641,Discriminator,0.55847,1.25293,0.15385,0.42308,0.40777,0.39121
642,Discriminator,0.47951,1.23080,0.11538,0.46154,0.38813,0.39200
643,Discriminator,0.51952,1.35423,0.11538,0.50000,0.45482,0.49905
644,Discriminator,0.48220,1.34026,0.07692,0.61538,0.33961,0.33310
645,Discriminator,0.46891,1.40050,0.03846,0.57692,0.43431,0.42974
646,Discriminator,0.51743,1.41549,0.11538,0.26923,0.34387,0.34493
647,Discriminator,0.50275,1.31279,0.07692,0.50000,0.31547,0.30924
648,Discriminator,0.48859,1.34124,0.00000,0.42308,0.31183,0.32138
649,Discriminator,0.43916,1.39949,0.11538,0.53846,0.43522,0.43643
650,Discriminator,0.47135,1.37980,0.03846,0.50000,0.34583,0.33249
651,Discriminator,0.44118,1.50606,0.00000,0.57692,0.41638,0.42937
652,Discriminator,0.45368,1.49293,0.03846,0.73077,0.38663,0.40585
653,Discriminator,0.45712,1.57279,0.11538,0.69231,0.40812,0.39332
654,Discriminator,0.48781,1.44022,0.11538,0.53846,0.45263,0.46725
655,Discriminator,0.42085,1.49185,0.00000,0.76923,0.62611,0.63238
656,Discriminator,0.42527,1.54060,0.00000,0.80769,0.36420,0.35165
657,Generator,0.42527,1.34836,0.07692,0.73077,0.45157,0.44710
658,Generator,0.42527,1.21042,0.07692,0.53846,0.31054,0.30671
659,Generator,0.42527,1.07213,0.34615,0.65385,0.40823,0.40490
660,Generator,0.42527,0.84234,0.42308,0.76923,0.41167,0.40545
661,Generator,0.42527,0.79297,0.46154,0.73077,0.39049,0.41342
662,Generator,0.42527,0.76915,0.61538,0.65385,0.37890,0.39650
663,Generator,0.42527,0.61886,0.61538,0.69231,0.34482,0.34541
664,Generator,0.42527,0.60156,0.69231,0.65385,0.44879,0.44730
665,Generator,0.42527,0.53352,0.76923,0.73077,0.30461,0.31160
666,Generator,0.42527,0.53832,0.76923,0.57692,0.29940,0.30833
667,Generator,0.42527,0.52397,0.84615,0.61538,0.32761,0.35503
668,Discriminator,0.79557,0.50362,0.69231,0.69231,0.36757,0.37480
669,Discriminator,0.84730,0.56288,0.92308,0.65385,0.35532,0.33998
670,Discriminator,0.74573,0.53230,0.80769,0.50000,0.38922,0.39828
671,Discriminator,0.70931,0.54054,0.69231,0.61538,0.38834,0.43200
672,Discriminator,0.73920,0.63993,0.46154,0.53846,0.33737,0.33131
673,Discriminator,0.67338,0.63051,0.80769,0.69231,0.32609,0.33172
674,Discriminator,0.68987,0.64677,0.53846,0.80769,0.38862,0.42479
675,Discriminator,0.78464,0.69174,0.61538,0.61538,0.39193,0.37008
676,Discriminator,0.67031,0.72943,0.57692,0.50000,0.35091,0.34729
677,Discriminator,0.67025,0.75521,0.42308,0.53846,0.36710,0.38739
678,Discriminator,0.69190,0.76920,0.57692,0.73077,0.47160,0.46277
679,Discriminator,0.66872,0.77624,0.46154,0.53846,0.27998,0.28813
680,Discriminator,0.67511,0.79273,0.30769,0.65385,0.33542,0.33897
681,Discriminator,0.68982,0.86031,0.30769,0.65385,0.33549,0.33972
682,Discriminator,0.64920,0.89002,0.53846,0.50000,0.27757,0.31207
683,Discriminator,0.61662,0.91730,0.42308,0.34615,0.32849,0.35752
684,Discriminator,0.62523,0.87934,0.30769,0.53846,0.42428,0.42657
685,Discriminator,0.57985,1.00481,0.30769,0.69231,0.31127,0.33168
686,Discriminator,0.65228,1.00988,0.15385,0.34615,0.34184,0.32635
687,Discriminator,0.60003,1.06590,0.30769,0.53846,0.34077,0.32988
688,Discriminator,0.57551,1.12457,0.19231,0.53846,0.46522,0.42421
689,Discriminator,0.62901,1.03618,0.23077,0.50000,0.33738,0.35205
690,Discriminator,0.58508,1.10102,0.11538,0.34615,0.30431,0.32426
691,Discriminator,0.60261,1.18631,0.15385,0.57692,0.38961,0.37411
692,Discriminator,0.55566,1.21097,0.19231,0.57692,0.41492,0.40794
693,Discriminator,0.59255,1.18147,0.11538,0.26923,0.28305,0.29815
694,Discriminator,0.53538,1.22910,0.07692,0.30769,0.49620,0.47257
695,Discriminator,0.58565,1.22895,0.07692,0.50000,0.29266,0.31263
696,Discriminator,0.61062,1.20539,0.07692,0.53846,0.37605,0.37138
697,Discriminator,0.50994,1.21525,0.07692,0.57692,0.38908,0.35916
698,Discriminator,0.52701,1.30783,0.07692,0.30769,0.31995,0.33404
699,Discriminator,0.60800,1.39138,0.19231,0.38462,0.40651,0.42003
700,Discriminator,0.48978,1.44639,0.19231,0.73077,0.46020,0.44851
701,Discriminator,0.50550,1.32348,0.11538,0.69231,0.34845,0.35170
702,Discriminator,0.52637,1.34216,0.03846,0.50000,0.31372,0.34172
703,Discriminator,0.49661,1.43153,0.03846,0.38462,0.36528,0.34806
704,Discriminator,0.45583,1.47906,0.03846,0.53846,0.46286,0.50926
705,Discriminator,0.51921,1.27786,0.07692,0.53846,0.33512,0.34194
706,Discriminator,0.47085,1.45625,0.07692,0.69231,0.33704,0.35713
707,Discriminator,0.42038,1.49007,0.07692,0.61538,0.42603,0.40839
708,Discriminator,0.44872,1.47217,0.00000,0.61538,0.46050,0.48660
709,Discriminator,0.46853,1.44033,0.03846,0.46154,0.26555,0.29908
710,Discriminator,0.46297,1.54102,0.07692,0.69231,0.36299,0.35902
711,Discriminator,0.45796,1.49950,0.03846,0.65385,0.40161,0.42251
712,Discriminator,0.42342,1.52092,0.00000,0.65385,0.46603,0.47739
713,Discriminator,0.42463,1.70693,0.00000,0.53846,0.37811,0.40480
714,Discriminator,0.42260,1.58511,0.00000,0.50000,0.40137,0.41533
715,Discriminator,0.44558,1.77037,0.00000,0.57692,0.32108,0.31666
716,Discriminator,0.38855,1.56821,0.07692,0.73077,0.42631,0.49162
717,Discriminator,0.46543,1.49536,0.00000,0.65385,0.47074,0.45718
718,Discriminator,0.40771,1.78532,0.00000,0.65385,0.40678,0.40929
719,Discriminator,0.42448,1.58879,0.07692,0.65385,0.41497,0.41391
720,Discriminator,0.45686,1.67682,0.03846,0.69231,0.33065,0.34517
721,Discriminator,0.36562,1.86088,0.07692,0.76923,0.38528,0.38535
722,Discriminator,0.43481,1.80197,0.11538,0.65385,0.46252,0.45801
723,Discriminator,0.39573,1.89327,0.07692,0.50000,0.32251,0.33947
724,Discriminator,0.37245,1.86113,0.07692,0.53846,0.48219,0.49700
725,Discriminator,0.38463,1.81309,0.07692,0.80769,0.35867,0.35758
726,Generator,0.38463,1.61098,0.00000,0.61538,0.37513,0.39753
727,Generator,0.38463,1.45289,0.19231,0.69231,0.31463,0.31705
728,Generator,0.38463,1.12813,0.11538,0.76923,0.41609,0.40430
729,Generator,0.38463,0.82018,0.42308,0.69231,0.28927,0.28172
730,Generator,0.38463,0.72030,0.46154,0.69231,0.34108,0.32493
731,Generator,0.38463,0.63999,0.61538,0.80769,0.53754,0.50701
732,Generator,0.38463,0.64363,0.73077,0.61538,0.34530,0.34640
733,Generator,0.38463,0.52346,0.57692,0.73077,0.40722,0.40495
734,Generator,0.38463,0.52155,0.69231,0.69231,0.28124,0.29447
735,Generator,0.38463,0.56994,0.69231,0.65385,0.42572,0.42663
736,Generator,0.38463,0.50122,0.69231,0.69231,0.33172,0.34631
737,Generator,0.38463,0.50880,0.80769,0.53846,0.43569,0.44917
738,Discriminator,0.88309,0.47280,0.76923,0.73077,0.31710,0.30943
739,Discriminator,0.93732,0.48114,0.84615,0.80769,0.34493,0.33955
740,Discriminator,0.82275,0.50438,0.69231,0.76923,0.39249,0.36955
741,Discriminator,0.78229,0.58468,0.73077,0.73077,0.31768,0.30131
742,Discriminator,0.86645,0.54344,0.73077,0.65385,0.29691,0.31098
743,Discriminator,0.75197,0.59396,0.84615,0.73077,0.33897,0.35383
744,Discriminator,0.79699,0.64621,0.76923,0.57692,0.40744,0.42185
745,Discriminator,0.79548,0.65212,0.69231,0.57692,0.29220,0.31415
746,Discriminator,0.75676,0.60829,0.80769,0.69231,0.28577,0.29189
747,Discriminator,0.79323,0.65873,0.38462,0.61538,0.36578,0.38296
748,Discriminator,0.74605,0.69551,0.73077,0.53846,0.27789,0.28311
749,Discriminator,0.72711,0.64850,0.50000,0.65385,0.43859,0.41721
750,Discriminator,0.69617,0.70628,0.57692,0.61538,0.37348,0.39083
751,Discriminator,0.67366,0.75659,0.53846,0.42308,0.44129,0.43147
752,Discriminator,0.70228,0.76129,0.53846,0.38462,0.36293,0.34594
753,Discriminator,0.64235,0.73356,0.38462,0.69231,0.35955,0.34257
754,Discriminator,0.64053,0.83614,0.42308,0.61538,0.32429,0.33280
755,Discriminator,0.63391,0.86228,0.30769,0.73077,0.38150,0.37855
756,Discriminator,0.64524,0.90200,0.42308,0.46154,0.34753,0.33438
757,Discriminator,0.67908,0.93464,0.26923,0.65385,0.35257,0.36314
758,Discriminator,0.62165,0.92496,0.38462,0.53846,0.36330,0.35311
759,Discriminator,0.63671,0.86769,0.19231,0.50000,0.36407,0.34982
760,Discriminator,0.62756,0.91523,0.30769,0.46154,0.26816,0.27542
761,Discriminator,0.62952,1.01359,0.30769,0.61538,0.28795,0.29036
762,Discriminator,0.60195,1.06687,0.15385,0.50000,0.33195,0.33258
763,Discriminator,0.56926,0.98067,0.23077,0.53846,0.48214,0.48012
764,Discriminator,0.58870,1.01608,0.19231,0.57692,0.33760,0.34126
765,Discriminator,0.54806,1.19937,0.23077,0.53846,0.29434,0.30878
766,Discriminator,0.55088,1.18492,0.23077,0.61538,0.38543,0.39102
767,Discriminator,0.60074,1.18530,0.23077,0.61538,0.32155,0.33589
768,Discriminator,0.58464,1.30197,0.15385,0.65385,0.34420,0.33337
769,Discriminator,0.54092,1.27985,0.11538,0.57692,0.48605,0.53720
770,Discriminator,0.58305,1.28997,0.15385,0.46154,0.36586,0.34703
771,Discriminator,0.56204,1.26363,0.15385,0.61538,0.33198,0.34377
772,Discriminator,0.48190,1.31687,0.23077,0.69231,0.44097,0.43547
773,Discriminator,0.56303,1.36450,0.19231,0.61538,0.28338,0.28705
774,Discriminator,0.55445,1.46755,0.07692,0.53846,0.27407,0.28778
775,Discriminator,0.48709,1.34482,0.07692,0.57692,0.42840,0.42050
776,Discriminator,0.50437,1.32247,0.15385,0.73077,0.30774,0.31891
777,Discriminator,0.44736,1.42920,0.03846,0.65385,0.35424,0.33893
778,Discriminator,0.50891,1.37573,0.07692,0.57692,0.34896,0.35253
779,Discriminator,0.53829,1.48507,0.11538,0.80769,0.45409,0.47483
780,Generator,0.53829,1.30989,0.23077,0.53846,0.27263,0.27632
781,Generator,0.53829,1.08819,0.19231,0.69231,0.28552,0.30593
782,Generator,0.53829,1.03073,0.26923,0.69231,0.38232,0.37360
783,Generator,0.53829,1.00049,0.38462,0.65385,0.31495,0.32120
784,Generator,0.53829,0.81625,0.50000,0.50000,0.30219,0.29327
785,Generator,0.53829,0.81912,0.61538,0.57692,0.29121,0.28697
786,Generator,0.53829,0.72587,0.65385,0.61538,0.38900,0.39467
787,Generator,0.53829,0.71713,0.61538,0.61538,0.29167,0.30416
788,Generator,0.53829,0.66741,0.61538,0.73077,0.41104,0.40476
789,Generator,0.53829,0.61837,0.73077,0.61538,0.38012,0.37725
790,Generator,0.53829,0.62016,0.61538,0.61538,0.33820,0.34055
791,Generator,0.53829,0.58154,0.84615,0.69231,0.51608,0.50060
792,Discriminator,0.80985,0.57756,0.61538,0.61538,0.28335,0.31360
793,Discriminator,0.83735,0.58335,0.53846,0.65385,0.35536,0.36486
794,Discriminator,0.82005,0.61901,0.73077,0.46154,0.41747,0.44376
795,Discriminator,0.73012,0.64032,0.65385,0.76923,0.43045,0.44393
796,Discriminator,0.75320,0.72886,0.57692,0.53846,0.39991,0.40632
797,Discriminator,0.76206,0.72366,0.53846,0.61538,0.38957,0.40740
798,Discriminator,0.61540,0.76290,0.53846,0.57692,0.39154,0.38981
799,Discriminator,0.71636,0.77553,0.50000,0.69231,0.37048,0.36764
800,Discriminator,0.64961,0.79958,0.38462,0.65385,0.35951,0.36990
801,Discriminator,0.67381,0.75038,0.34615,0.61538,0.34406,0.35293
802,Discriminator,0.67614,0.75470,0.26923,0.69231,0.38855,0.38605
803,Discriminator,0.67004,0.82611,0.34615,0.69231,0.37251,0.38664
804,Discriminator,0.63891,0.89640,0.50000,0.65385,0.32789,0.32764
805,Discriminator,0.64657,0.97464,0.23077,0.65385,0.49926,0.48029
806,Discriminator,0.65933,1.02052,0.34615,0.69231,0.36290,0.35391
807,Discriminator,0.63552,0.92989,0.26923,0.61538,0.33207,0.33889
808,Discriminator,0.58935,1.01774,0.26923,0.65385,0.33495,0.36768
809,Discriminator,0.59720,1.10392,0.07692,0.73077,0.39754,0.39659
810,Discriminator,0.54689,1.14924,0.15385,0.42308,0.35004,0.37293
811,Discriminator,0.59044,1.03964,0.19231,0.80769,0.43644,0.43857
812,Generator,0.59044,1.27686,0.26923,0.57692,0.43109,0.43183
813,Generator,0.59044,1.00759,0.34615,0.80769,0.55177,0.51647
814,Generator,0.59044,1.10658,0.34615,0.50000,0.37175,0.39054
815,Generator,0.59044,1.02309,0.34615,0.61538,0.44779,0.46036
816,Generator,0.59044,0.91356,0.38462,0.69231,0.27853,0.32193
817,Generator,0.59044,0.86165,0.38462,0.73077,0.35050,0.36251
818,Generator,0.59044,0.80736,0.38462,0.42308,0.51832,0.55147
819,Generator,0.59044,0.76458,0.42308,0.73077,0.35516,0.37165
820,Generator,0.59044,0.72000,0.38462,0.57692,0.47106,0.45610
821,Generator,0.59044,0.75870,0.46154,0.57692,0.36691,0.40163
822,Generator,0.59044,0.70266,0.69231,0.53846,0.45695,0.44680
823,Generator,0.59044,0.69389,0.46154,0.46154,0.40718,0.42185
824,Generator,0.59044,0.71043,0.50000,0.76923,0.47117,0.47166
825,Generator,0.59044,0.62718,0.57692,0.57692,0.31303,0.36621
826,Generator,0.59044,0.62702,0.69231,0.65385,0.34414,0.38978
827,Generator,0.59044,0.58561,0.80769,0.69231,0.47412,0.49767
828,Discriminator,0.84255,0.63425,0.61538,0.69231,0.43647,0.43180
829,Discriminator,0.74977,0.68903,0.69231,0.73077,0.35534,0.38446
830,Discriminator,0.76685,0.70155,0.65385,0.61538,0.30135,0.37950
831,Discriminator,0.63580,0.68932,0.53846,0.80769,0.43714,0.45469
832,Discriminator,0.71117,0.72109,0.38462,0.50000,0.41965,0.42320
833,Discriminator,0.66402,0.82277,0.34615,0.46154,0.42139,0.44318
834,Discriminator,0.69552,0.75556,0.53846,0.61538,0.41767,0.42884
835,Discriminator,0.69566,0.92419,0.50000,0.50000,0.36631,0.38677
836,Discriminator,0.62243,0.93273,0.34615,0.57692,0.38998,0.40705
837,Discriminator,0.61314,0.87364,0.26923,0.65385,0.36837,0.39963
838,Discriminator,0.60207,0.93112,0.23077,0.57692,0.50477,0.49480
839,Discriminator,0.60343,1.02004,0.26923,0.57692,0.43020,0.44802
840,Discriminator,0.54815,1.14028,0.15385,0.46154,0.44804,0.45090
841,Discriminator,0.60160,1.09684,0.26923,0.42308,0.46228,0.46604
842,Discriminator,0.54463,1.03070,0.15385,0.65385,0.33372,0.38679
843,Discriminator,0.57559,1.20766,0.07692,0.57692,0.38988,0.39975
844,Discriminator,0.49879,1.22149,0.15385,0.69231,0.41884,0.45675
845,Discriminator,0.53453,1.18681,0.11538,0.73077,0.41337,0.44295
846,Discriminator,0.54082,1.16542,0.15385,0.57692,0.37630,0.41374
847,Discriminator,0.51266,1.23079,0.03846,0.69231,0.35260,0.37601
848,Discriminator,0.48670,1.25498,0.11538,0.69231,0.46643,0.48158
849,Discriminator,0.54381,1.42495,0.07692,0.57692,0.43631,0.45439
850,Discriminator,0.48643,1.36948,0.19231,0.53846,0.39169,0.41197
851,Discriminator,0.51967,1.42068,0.23077,0.50000,0.32429,0.37705
852,Discriminator,0.49910,1.46862,0.07692,0.61538,0.44775,0.43519
853,Discriminator,0.49731,1.54228,0.07692,0.50000,0.36098,0.40740
854,Discriminator,0.47151,1.53743,0.19231,0.73077,0.37513,0.41098
855,Discriminator,0.40562,1.49970,0.11538,0.61538,0.35824,0.39022
856,Discriminator,0.49198,1.48577,0.00000,0.69231,0.38873,0.42422
857,Discriminator,0.42663,1.59309,0.03846,0.65385,0.39864,0.42212
858,Discriminator,0.45301,1.56964,0.11538,0.69231,0.37120,0.38128
859,Discriminator,0.42669,1.61490,0.11538,0.69231,0.44047,0.43958
860,Discriminator,0.43150,1.88952,0.00000,0.61538,0.32711,0.38495
861,Discriminator,0.43899,1.74934,0.07692,0.88462,0.55277,0.52997
862,Generator,0.43899,1.59189,0.03846,0.80769,0.38253,0.41671
863,Generator,0.43899,1.51962,0.26923,0.61538,0.34641,0.38935
864,Generator,0.43899,1.42890,0.23077,0.69231,0.43969,0.45666
865,Generator,0.43899,1.03196,0.30769,0.76923,0.29269,0.32333
866,Generator,0.43899,1.21902,0.19231,0.84615,0.40597,0.41233
867,Generator,0.43899,0.85349,0.26923,0.80769,0.32051,0.33523
868,Generator,0.43899,0.91038,0.65385,0.69231,0.28643,0.35088
869,Generator,0.43899,0.81781,0.30769,0.61538,0.36846,0.38771
870,Generator,0.43899,0.70611,0.30769,0.84615,0.27802,0.32309
871,Generator,0.43899,0.63413,0.61538,0.73077,0.32051,0.32901
872,Generator,0.43899,0.68053,0.69231,0.76923,0.31501,0.31229
873,Generator,0.43899,0.58159,0.65385,0.76923,0.58961,0.54613
874,Generator,0.43899,0.67328,0.61538,0.80769,0.32678,0.36706
875,Generator,0.43899,0.57110,0.65385,0.84615,0.49861,0.48100
876,Generator,0.43899,0.60236,0.80769,0.69231,0.37500,0.38148
877,Discriminator,0.75132,0.59787,0.80769,0.73077,0.39970,0.40539
878,Discriminator,0.78195,0.59732,0.80769,0.65385,0.32952,0.34419
879,Discriminator,0.83080,0.55905,0.73077,0.61538,0.36005,0.37295
880,Discriminator,0.72499,0.58799,0.73077,0.50000,0.49886,0.46864
881,Discriminator,0.71958,0.65108,0.53846,0.73077,0.31874,0.32125
882,Discriminator,0.68239,0.62700,0.76923,0.57692,0.43207,0.45667
883,Discriminator,0.69772,0.71726,0.65385,0.69231,0.41677,0.40574
884,Discriminator,0.69879,0.78793,0.46154,0.73077,0.31170,0.33635
885,Discriminator,0.66791,0.80907,0.73077,0.65385,0.32669,0.34500
886,Discriminator,0.66616,0.76873,0.57692,0.73077,0.45573,0.47132
887,Discriminator,0.64808,0.77753,0.46154,0.76923,0.33937,0.35425
888,Discriminator,0.64400,0.77178,0.23077,0.57692,0.39529,0.38106
889,Discriminator,0.58588,0.86907,0.57692,0.69231,0.31162,0.32949
890,Discriminator,0.60992,0.92516,0.46154,0.69231,0.29262,0.33492
891,Discriminator,0.65058,0.98192,0.42308,0.53846,0.30114,0.30939
892,Discriminator,0.63521,0.89387,0.30769,0.53846,0.38778,0.38887
893,Discriminator,0.59470,0.96380,0.23077,0.65385,0.31667,0.33517
894,Discriminator,0.64350,0.97224,0.19231,0.38462,0.37884,0.38670
895,Discriminator,0.65990,1.11923,0.30769,0.65385,0.38018,0.37026
896,Discriminator,0.60298,0.98179,0.23077,0.57692,0.37920,0.37272
897,Discriminator,0.55473,1.26088,0.03846,0.65385,0.36379,0.35019
898,Discriminator,0.59472,1.22232,0.15385,0.65385,0.39697,0.38674
899,Discriminator,0.55373,1.15835,0.07692,0.34615,0.43402,0.41319
900,Discriminator,0.56458,1.22373,0.19231,0.50000,0.31329,0.32211
901,Discriminator,0.55789,1.34079,0.07692,0.65385,0.33727,0.33252
902,Discriminator,0.53837,1.25983,0.19231,0.65385,0.38066,0.38534
903,Discriminator,0.57134,1.33290,0.11538,0.53846,0.38105,0.35826
904,Discriminator,0.55542,1.27693,0.15385,0.46154,0.41356,0.42185
905,Discriminator,0.50917,1.35885,0.23077,0.61538,0.39116,0.37114
906,Discriminator,0.53098,1.37295,0.07692,0.50000,0.39700,0.38854
907,Discriminator,0.44922,1.30701,0.15385,0.46154,0.50003,0.48664
908,Discriminator,0.54533,1.39570,0.15385,0.50000,0.40664,0.40867
909,Discriminator,0.44402,1.39256,0.11538,0.69231,0.40158,0.39106
910,Discriminator,0.45465,1.49224,0.07692,0.50000,0.37513,0.36293
911,Discriminator,0.47901,1.51546,0.15385,0.73077,0.45572,0.44205
912,Discriminator,0.46122,1.51243,0.03846,0.80769,0.48777,0.48933
913,Generator,0.46122,1.49360,0.11538,0.61538,0.34930,0.36473
914,Generator,0.46122,1.27371,0.30769,0.73077,0.32778,0.32586
915,Generator,0.46122,1.11986,0.38462,0.65385,0.34802,0.33379
916,Generator,0.46122,0.91583,0.30769,0.53846,0.25398,0.29496
917,Generator,0.46122,0.82669,0.46154,0.69231,0.35303,0.43113
918,Generator,0.46122,0.77713,0.38462,0.69231,0.40871,0.41051
919,Generator,0.46122,0.81596,0.53846,0.61538,0.33977,0.32695
920,Generator,0.46122,0.60725,0.61538,0.53846,0.25605,0.28366
921,Generator,0.46122,0.63363,0.76923,0.65385,0.30201,0.32546
922,Generator,0.46122,0.58221,0.80769,0.65385,0.36651,0.36193
923,Discriminator,0.69833,0.55994,0.73077,0.69231,0.35532,0.35895
924,Discriminator,0.81705,0.59496,0.73077,0.69231,0.34791,0.34893
925,Discriminator,0.72872,0.56195,0.73077,0.42308,0.62585,0.60464
926,Discriminator,0.71934,0.59802,0.73077,0.61538,0.41423,0.38642
927,Discriminator,0.69223,0.64488,0.65385,0.65385,0.39610,0.37552
928,Discriminator,0.71617,0.77100,0.65385,0.61538,0.32957,0.33142
929,Discriminator,0.69780,0.67885,0.57692,0.61538,0.32024,0.32642
930,Discriminator,0.67485,0.84292,0.46154,0.57692,0.34358,0.34814
931,Discriminator,0.66909,0.71068,0.53846,0.57692,0.40057,0.41159
932,Discriminator,0.66839,0.75321,0.50000,0.69231,0.34657,0.33579
933,Discriminator,0.63653,0.85097,0.50000,0.61538,0.38104,0.38651
934,Discriminator,0.64716,0.83689,0.46154,0.69231,0.41600,0.41687
935,Discriminator,0.69963,0.85956,0.38462,0.61538,0.30557,0.30473
936,Discriminator,0.59433,0.90368,0.26923,0.69231,0.37992,0.36473
937,Discriminator,0.65423,0.96706,0.38462,0.42308,0.32315,0.32582
938,Discriminator,0.64137,1.04544,0.26923,0.57692,0.31896,0.30959
939,Discriminator,0.59220,0.91861,0.46154,0.46154,0.39670,0.39634
940,Discriminator,0.63629,1.12405,0.34615,0.42308,0.35955,0.36132
941,Discriminator,0.62797,0.88090,0.34615,0.69231,0.25291,0.29938
942,Discriminator,0.64997,0.91565,0.23077,0.53846,0.41072,0.39121
943,Discriminator,0.57214,1.10190,0.38462,0.65385,0.33716,0.35028
944,Discriminator,0.56524,1.11263,0.30769,0.73077,0.49279,0.48667
945,Discriminator,0.56517,1.08579,0.34615,0.50000,0.40153,0.41013
946,Discriminator,0.60612,1.18296,0.26923,0.61538,0.39002,0.37050
947,Discriminator,0.61154,1.21972,0.23077,0.57692,0.28884,0.29907
948,Discriminator,0.59385,1.04157,0.30769,0.50000,0.32864,0.34086
949,Discriminator,0.56048,1.08492,0.26923,0.50000,0.42837,0.42598
950,Discriminator,0.56026,1.17110,0.34615,0.69231,0.44460,0.45941
951,Discriminator,0.56389,1.09085,0.19231,0.61538,0.31274,0.32687
952,Discriminator,0.53947,1.25389,0.07692,0.53846,0.33464,0.33225
953,Discriminator,0.52879,1.30573,0.30769,0.76923,0.27971,0.32610
954,Discriminator,0.51434,1.22320,0.19231,0.53846,0.37958,0.37513
955,Discriminator,0.50911,1.31022,0.15385,0.50000,0.52683,0.50024
956,Discriminator,0.53117,1.07009,0.19231,0.61538,0.41810,0.42895
957,Discriminator,0.58066,1.32806,0.19231,0.50000,0.38755,0.38533
958,Discriminator,0.52014,1.54167,0.19231,0.65385,0.35238,0.36425
959,Discriminator,0.55244,1.42568,0.30769,0.61538,0.35205,0.35703
960,Discriminator,0.51754,1.30679,0.15385,0.65385,0.32661,0.31826
961,Discriminator,0.49272,1.30174,0.23077,0.76923,0.29738,0.31467
962,Discriminator,0.51655,1.30027,0.11538,0.76923,0.31388,0.34655
963,Discriminator,0.49623,1.43580,0.15385,0.61538,0.30691,0.30351
964,Discriminator,0.47177,1.39757,0.23077,0.53846,0.29602,0.31727
965,Discriminator,0.50631,1.48098,0.07692,0.80769,0.36613,0.35846
966,Generator,0.50631,1.25516,0.30769,0.53846,0.38662,0.36834
967,Generator,0.50631,1.24678,0.30769,0.57692,0.30653,0.33515
968,Generator,0.50631,1.13583,0.26923,0.69231,0.28185,0.31874
969,Generator,0.50631,0.86743,0.50000,0.73077,0.32036,0.33147
970,Generator,0.50631,0.84877,0.42308,0.80769,0.33981,0.34604
971,Generator,0.50631,0.79945,0.38462,0.73077,0.43830,0.42008
972,Generator,0.50631,0.78477,0.57692,0.73077,0.34869,0.34930
973,Generator,0.50631,0.74098,0.57692,0.80769,0.30099,0.30125
974,Generator,0.50631,0.62045,0.61538,0.69231,0.28475,0.31611
975,Generator,0.50631,0.60150,0.73077,0.76923,0.28183,0.28353
976,Generator,0.50631,0.59980,0.73077,0.61538,0.38532,0.39602
977,Generator,0.50631,0.52560,0.76923,0.73077,0.38327,0.39994
978,Generator,0.50631,0.49139,0.92308,0.61538,0.30934,0.33071
979,Discriminator,0.80017,0.51990,0.65385,0.61538,0.33659,0.34477
980,Discriminator,0.82688,0.54381,0.76923,0.69231,0.30768,0.34008
981,Discriminator,0.80503,0.65240,0.76923,0.76923,0.29080,0.31122
982,Discriminator,0.81333,0.55897,0.80769,0.88462,0.41824,0.39958
983,Discriminator,0.77375,0.51481,0.61538,0.84615,0.40256,0.40412
984,Discriminator,0.77352,0.63716,0.84615,0.65385,0.37764,0.35719
985,Discriminator,0.76405,0.66271,0.80769,0.42308,0.52411,0.57177
986,Discriminator,0.79494,0.63040,0.61538,0.69231,0.29562,0.32641
987,Discriminator,0.75243,0.67477,0.69231,0.61538,0.37573,0.35260
988,Discriminator,0.74202,0.60799,0.50000,0.73077,0.37347,0.36692
989,Discriminator,0.70198,0.63653,0.53846,0.57692,0.46658,0.48612
990,Discriminator,0.63405,0.68389,0.65385,0.61538,0.31320,0.32274
991,Discriminator,0.69740,0.75422,0.42308,0.50000,0.54297,0.51729
992,Discriminator,0.70400,0.72792,0.42308,0.57692,0.33256,0.35490
993,Discriminator,0.60884,0.81000,0.42308,0.84615,0.36676,0.38161
994,Discriminator,0.71359,0.81632,0.50000,0.42308,0.31192,0.31961
995,Discriminator,0.68924,0.83824,0.46154,0.57692,0.40112,0.40105
996,Discriminator,0.68760,0.80098,0.42308,0.46154,0.33538,0.35360
997,Discriminator,0.70419,0.78646,0.42308,0.53846,0.36868,0.39481
998,Discriminator,0.64836,0.81806,0.26923,0.57692,0.34512,0.34560
999,Discriminator,0.70680,0.84532,0.53846,0.46154,0.36554,0.36404
1000,Discriminator,0.66716,0.83116,0.30769,0.42308,0.39653,0.38445
